Stn_Name,Tm,Tx,Tn,S,P,CDD,Year,Month
LAKE COWICHAN,13.3,28.5,2.0,0.0,49.2,0.5,2025,May
DISCOVERY ISLAND,12.0,20.1,7.5,,,0.0,2025,May
ESQUIMALT HARBOUR,12.3,23.6,6.5,,25.2,0.0,2025,May
MALAHAT,12.0,25.8,3.5,,46.4,1.8,2025,May
METCHOSIN,,,,0.0,39.8,,2025,May
NORTH COWICHAN,,,,0.0,43.8,,2025,May
NORTH COWICHAN,13.0,28.3,1.9,,38.5,0.1,2025,May
NORTH PENDER ISLAND,13.5,23.5,5.0,0.0,35.8,0.0,2025,May
RACE ROCKS,11.2,19.3,6.9,,,0.0,2025,May
SAANICHTON CFIA,12.7,24.9,4.8,,35.8,1.5,2025,May
SAANICHTON MT NEWTON,,,,0.0,42.4,,2025,May
SATURNA CAPMON CS,12.2,24.8,4.7,,19.9,1.0,2025,May
SATURNA ISLAND CS,13.3,23.7,7.5,,35.0,0.5,2025,May
SHERINGHAM POINT,10.8,18.1,6.1,,43.2,0.0,2025,May
VICTORIA UNIVERSITY CS,12.3,21.5,3.7,,26.0,0.0,2025,May
VICTORIA GONZALES CS,12.4,22.8,6.7,,30.2,0.0,2025,May
VICTORIA INTL A,13.0,27.6,3.8,0.0,41.4,1.2,2025,May
VICTORIA HARBOUR A,12.2,22.4,6.3,,,0.0,2025,May
BALLENAS ISLAND,13.2,23.6,8.2,,43.2,0.0,2025,May
CAMPBELL RIVER A,11.3,24.5,-0.5,0.0,45.4,0.0,2025,May
CAMPBELL RIVER A,11.1,24.3,-0.5,,,0.0,2025,May
CAPE MUDGE,12.3,22.0,-3.0,0.0,69.0,0.0,2025,May
COMOX A,12.8,24.2,3.9,0.0,56.4,0.0,2025,May
COURTENAY GRANTHAM,12.5,25.0,2.5,0.0,57.0,0.0,2025,May
ENTRANCE ISLAND,13.6,26.6,8.6,,34.0,2.3,2025,May
FANNY ISLAND,11.3,22.2,6.1,,60.8,0.0,2025,May
NANAIMO A,13.0,28.9,2.3,,,1.4,2025,May
NANAIMO CITY YARD,,,,0.0,51.4,,2025,May
PORT HARDY A,10.1,21.1,1.0,0.0,78.9,0.0,2025,May
PORT HARDY AIRPORT,10.2,21.0,1.9,,89.1,0.0,2025,May
QUALICUM BEACH AIRPORT,12.4,25.3,2.4,,35.1,0.0,2025,May
QUINSAM RIVER HATCHERY,12.1,23.0,1.5,0.0,74.6,0.0,2025,May
SISTERS ISLAND,13.3,23.3,8.9,,,0.0,2025,May
ENTRANCE ISLAND,13.8,26.0,8.5,0.0,58.0,2.8,2025,May
ALBERNI ROBERTSON CREEK,12.8,27.5,1.0,0.0,48.0,0.0,2025,May
CAPE BEALE LIGHT,11.2,18.5,5.0,0.0,104.0,0.0,2025,May
CAPE SCOTT,10.1,17.0,5.0,0.0,274.4,0.0,2025,May
ESTEVAN POINT,11.0,16.0,4.5,0.0,181.0,0.0,2025,May
ESTEVAN POINT CS,10.6,15.4,4.3,,150.0,0.0,2025,May
LENNARD ISLAND,10.9,17.0,5.0,0.0,148.0,0.0,2025,May
NITINAT RIVER HATCHERY,11.3,23.0,0.0,0.0,136.2,0.0,2025,May
NOOTKA LIGHTSTATION,11.5,19.0,5.5,0.0,145.2,0.0,2025,May
QUATSINO,10.5,18.5,4.0,0.0,85.2,0.0,2025,May
QUATSINO LIGHTSTATION,10.7,18.0,5.0,0.0,228.0,0.0,2025,May
PORT ALBERNI (AUT),12.2,26.2,-0.1,,46.5,0.0,2025,May
SARTINE ISLAND (AUT),9.1,12.7,5.9,,210.4,0.0,2025,May
SOLANDER ISLAND (AUT),9.5,13.8,6.2,,180.2,0.0,2025,May
TAHSIS VILLAGE NORTH,11.5,22.0,3.0,,92.2,0.0,2025,May
TOFINO A,10.6,17.8,2.3,,,0.0,2025,May
UCLUELET KENNEDY CAMP,11.3,20.0,2.0,0.0,158.8,0.0,2025,May
ZEBALLOS MURAUDE CREEK,10.8,22.0,1.0,0.0,226.4,0.0,2025,May
BOWEN ISLAND SUNSET PARK,,,,0.0,67.0,,2025,May
GIBSONS GOWER POINT,13.3,25.5,6.0,0.0,83.0,1.0,2025,May
MERRY ISLAND LIGHTSTATION,14.0,23.0,8.0,0.0,47.6,0.0,2025,May
HOWE SOUND - PAM ROCKS,14.1,22.6,8.0,,61.8,1.2,2025,May
PENDER HARBOUR,,,,0.0,68.0,,2025,May
PORT MELLON,13.4,30.1,4.2,,75.8,3.2,2025,May
POWELL RIVER A,11.7,26.5,1.5,0.0,95.8,0.0,2025,May
POWELL RIVER,11.7,26.7,1.9,,94.5,0.0,2025,May
POWELL RIVER A,11.6,26.7,1.4,,,0.0,2025,May
SECHELT AUT,12.7,26.7,3.6,,58.1,0.1,2025,May
SQUAMISH AIRPORT,13.6,29.8,1.7,,69.7,2.7,2025,May
CAPE ST JAMES,9.1,13.7,5.0,,,0.0,2025,May
KINDAKUN ROCKS (AUT),9.3,12.5,6.6,,157.6,0.0,2025,May
LANGARA,8.6,14.5,4.0,0.0,199.2,0.0,2025,May
LANGARA ISLAND RCS,8.7,13.6,4.2,,106.1,0.0,2025,May
MASSET A,8.8,15.9,-0.7,,,0.0,2025,May
ROSE SPIT (AUT),9.5,15.4,-0.3,,205.7,0.0,2025,May
SANDSPIT AIRPORT AUTO,9.4,16.9,2.1,,70.6,0.0,2025,May
SANDSPIT,9.5,17.4,2.4,,82.4,0.0,2025,May
ADDENBROKE ISLAND,11.1,20.0,5.0,0.0,291.4,0.0,2025,May
BELLA BELLA,10.1,20.7,2.1,,288.0,0.0,2025,May
BELLA COOLA AIRPORT,11.7,23.7,2.1,,40.0,0.0,2025,May
BELLA COOLA A,11.7,23.8,1.9,,,0.0,2025,May
BOAT BLUFF,10.0,21.5,5.0,0.0,570.0,0.0,2025,May
BONILLA ISLAND,9.9,14.0,6.0,0.0,333.4,0.0,2025,May
BONILLA ISLAND (AUT),9.3,12.6,6.4,,167.6,0.0,2025,May
CATHEDRAL POINT (AUT),10.7,19.8,5.4,,249.2,0.0,2025,May
CUMSHEWA ISLAND,9.5,16.1,4.9,,47.8,0.0,2025,May
DRYAD POINT,10.6,20.0,5.0,0.0,258.0,0.0,2025,May
EGG ISLAND,10.4,20.0,5.5,0.0,239.2,0.0,2025,May
GREEN ISLAND,9.9,16.5,5.0,0.0,338.8,0.0,2025,May
GREY ISLET (AUT),9.7,15.7,5.9,,246.4,0.0,2025,May
HERBERT ISLAND (AUT),10.4,18.3,6.1,,103.4,0.0,2025,May
HOLLAND ROCK,9.3,13.3,5.4,,185.2,0.0,2025,May
IVORY ISLAND,10.6,17.5,5.5,0.0,299.8,0.0,2025,May
KEMANO,10.5,23.5,2.0,0.0,117.6,0.0,2025,May
KITIMAT FOREST AVE,9.7,21.8,2.9,,167.1,0.0,2025,May
LUCY ISLAND LIGHTSTATION,9.1,13.0,5.5,,,0.0,2025,May
MCINNES ISLAND,10.2,15.0,6.0,0.0,275.0,0.0,2025,May
PRINCE RUPERT,9.3,14.6,2.8,,289.2,0.0,2025,May
PRINCE RUPERT MONT CIRC,,,,0.0,243.2,,2025,May
STEWART A,10.2,20.8,3.4,,,0.0,2025,May
TERRACE PCC,11.0,23.0,3.0,0.0,47.6,0.0,2025,May
TERRACE A,9.7,21.6,1.7,0.0,83.4,0.0,2025,May
HOUSTON,11.1,27.0,0.0,0.0,1.2,0.0,2025,May
SMITHERS,9.2,25.4,-2.5,,11.1,0.0,2025,May
SMITHERS AIRPORT AUTO,9.4,25.2,-1.2,,11.0,0.0,2025,May
SUSKWA VALLEY,9.1,25.0,-3.0,0.0,26.6,0.0,2025,May
OOTSA LAKESKINS LAKE CLIMATE,7.2,22.8,-1.3,,22.7,0.0,2025,May
PEMBERTON AIRPORT (WIND),13.5,32.7,1.3,,,1.6,2025,May
PEMBERTON AIRPORT CS,14.0,34.2,1.6,,33.4,2.5,2025,May
PUNTZI MOUNTAIN (AUT),8.3,28.2,-5.3,,17.1,0.0,2025,May
TATLAYOKO LAKE RCS,8.2,27.0,-5.6,,23.8,0.0,2025,May
BARKERVILLE,6.7,28.0,-8.0,6.0,77.0,0.0,2025,May
BURNS LAKE DECKER LAKE,7.3,25.1,-6.7,,38.1,0.0,2025,May
FORT ST JAMES AUTO,10.0,26.3,-1.6,,22.4,0.0,2025,May
FORT ST JAMES GOLF CLUB,9.6,27.6,-1.4,,25.7,0.0,2025,May
MCLEESE LAKE GRANITE MT,11.1,27.0,-3.0,0.0,13.6,0.0,2025,May
PRINCE GEORGE,9.8,29.3,-3.5,,48.7,0.0,2025,May
PRINCE GEORGE AIRPORT AUTO,9.8,29.2,-2.9,,46.2,0.0,2025,May
PRINCE GEORGE MASSEY AUTO,12.0,30.5,0.3,,29.3,2.4,2025,May
QUESNEL,11.2,31.8,-3.8,,47.9,0.9,2025,May
QUESNEL AIRPORT AUTO,11.3,31.9,-3.7,,46.1,1.0,2025,May
SPOKIN LAKE 4E,8.6,28.5,-7.0,0.0,64.8,0.0,2025,May
WILLIAMS LAKE A,10.5,28.7,-1.9,0.0,58.8,0.7,2025,May
ABBOTSFORD A,13.3,28.6,3.5,0.0,74.4,1.4,2025,May
ABBOTSFORD A,13.3,28.6,3.5,,,1.4,2025,May
AGASSIZ RCS,13.9,30.5,4.1,,56.7,4.6,2025,May
WHISTLER - NESTERS,10.5,29.0,-1.4,,35.7,0.0,2025,May
VANCOUVER BOUNDARY BAY,13.0,27.0,3.2,,,0.1,2025,May
CALLAGHAN VALLEY,8.7,26.2,-2.1,,41.1,0.0,2025,May
CHILLIWACK SOUTH,14.8,32.0,4.5,0.0,60.8,5.3,2025,May
CLOVERDALE EAST,14.1,28.5,4.5,0.0,71.4,2.0,2025,May
CULTUS LAKE,13.6,31.3,3.8,,74.0,4.4,2025,May
DELTA BURNS BOG,13.2,28.5,2.8,,49.9,0.6,2025,May
DELTA TSAWWASSEN BEACH,14.7,25.0,9.0,0.0,73.0,3.5,2025,May
FORT LANGLEY TELEGRAPH TRAIL,13.8,29.5,4.0,0.0,71.6,2.5,2025,May
HANEY UBC RF ADMIN,13.2,29.5,4.0,0.0,104.4,2.0,2025,May
LANGLEY REGIONAL,13.1,29.3,1.7,,,0.9,2025,May
MISSION WEST ABBEY,13.5,29.5,5.0,0.0,90.4,4.8,2025,May
N VANC GROUSE MTN RESORT,7.3,22.0,0.0,0.0,125.4,0.3,2025,May
N VANCOUVER WHARVES,,,,0.0,73.0,,2025,May
PITT MEADOWS CS,14.3,29.8,4.7,,71.1,2.9,2025,May
PITT MEADOWS,13.6,29.6,2.4,,,1.8,2025,May
POINT ATKINSON,13.8,24.6,7.5,,60.5,1.3,2025,May
RICHMOND DALLYN 2,,,,0.0,66.0,,2025,May
PORT MOODY GLENAYRE,13.9,29.0,5.5,0.0,122.0,3.8,2025,May
SANDHEADS CS,13.3,22.0,8.8,,,0.2,2025,May
SUMAS CANAL,14.8,31.0,6.5,0.0,81.0,2.5,2025,May
VANCOUVER SEA ISLAND CCG,13.5,27.4,5.9,,44.8,2.0,2025,May
VANCOUVER INTL A,13.5,27.9,5.2,0.0,57.4,1.3,2025,May
VANCOUVER HARBOUR CS,14.3,28.4,5.7,,60.2,2.1,2025,May
WEST VANCOUVER AUT,13.5,29.2,5.2,,96.2,3.6,2025,May
WHISTLER ROUNDHOUSE,3.3,14.5,-3.0,18.0,84.0,0.0,2025,May
WHITE ROCK CAMPBELL SCIENTIFIC,13.3,26.1,5.6,,54.2,0.7,2025,May
VANCOUVER HARBOUR,13.9,28.8,6.2,,,3.8,2025,May
HOPE A,14.1,30.9,5.1,,89.5,4.0,2025,May
HOPE AIRPORT,13.9,30.5,5.2,,85.0,3.8,2025,May
HOPE SLIDE,10.5,30.0,0.0,0.0,44.4,1.0,2025,May
LILLOOET,15.6,29.0,4.1,,18.8,4.2,2025,May
LYTTON A,16.2,35.2,5.3,,2.6,19.9,2025,May
LYTTON RCS,16.5,29.2,5.2,,2.6,15.0,2025,May
JELLICOE,11.2,31.5,-3.0,0.0,23.8,0.8,2025,May
KELOWNA,13.6,31.5,-2.5,,31.2,4.6,2025,May
KELOWNA UBCO,14.9,31.7,1.5,,26.2,10.0,2025,May
MERRITT,12.8,34.0,-4.1,,11.4,3.1,2025,May
MERRITT STP,12.3,27.0,-2.5,0.0,0.8,0.0,2025,May
OLIVER STP,16.9,32.5,2.5,0.0,10.0,13.2,2025,May
OSOYOOS CS,16.3,31.5,1.6,,12.2,22.3,2025,May
PEACHLAND,15.5,30.5,4.0,0.0,24.0,15.2,2025,May
PENTICTON A,14.5,30.7,0.7,0.0,57.5,8.0,2025,May
PRINCETON A,12.7,33.5,-3.5,0.0,11.6,2.6,2025,May
PRINCETON A,12.5,33.6,-3.4,,,2.3,2025,May
VERNON AUTO,14.4,30.6,1.4,,29.6,9.0,2025,May
VERNON SILVER STAR LODGE,7.7,24.5,-2.0,0.6,82.4,0.5,2025,May
PRINCETON CS,12.7,34.3,-3.0,,10.6,2.8,2025,May
SUMMERLAND CS,14.7,31.1,2.4,,22.9,8.9,2025,May
BILLINGS,13.8,31.5,1.0,0.0,62.0,5.1,2025,May
CASTLEGAR A,14.1,33.0,-1.0,0.0,37.6,10.4,2025,May
CASTLEGAR BCHPA DAM,13.9,32.0,3.5,0.0,58.4,2.5,2025,May
CASTLEGAR A,14.1,33.1,-1.1,,,9.1,2025,May
DUNCAN LAKE DAM,12.6,30.0,-1.0,0.0,36.2,1.1,2025,May
LISTER,13.1,32.0,-0.5,0.0,41.0,5.6,2025,May
NAKUSP CS,12.7,30.3,-0.6,,63.9,2.9,2025,May
NEW DENVER,14.1,32.0,0.5,0.0,46.2,7.0,2025,May
NELSON CS,14.0,30.7,1.5,,38.3,4.8,2025,May
WARFIELD RCS,13.6,31.4,0.3,,43.8,4.9,2025,May
CRESTON CAMPBELL SCIENTIFIC,15.2,32.6,3.0,,23.8,15.4,2025,May
NELSON RIXEN CREEK,13.1,30.0,-0.5,0.0,55.0,4.6,2025,May
CRANBROOK A,12.2,30.5,-1.0,0.0,0.0,4.4,2025,May
CRANBROOK AIRPORT AUTO,12.1,31.5,-1.8,,25.7,5.5,2025,May
FERNIE,12.5,31.0,-2.0,0.0,61.4,1.3,2025,May
FT STEELE DANDY CRK,11.5,29.5,-2.0,0.0,58.0,0.8,2025,May
KIMBERLEY PCC,12.1,29.0,-2.5,0.0,27.6,3.8,2025,May
SPARWOOD CS,10.9,28.5,-2.8,,17.2,0.0,2025,May
SPARWOOD A,11.3,28.4,-3.0,,,0.0,2025,May
ASHCROFT,16.8,35.9,3.4,,25.6,25.1,2025,May
BLUE RIVER A,11.2,29.0,-4.0,0.0,101.2,0.0,2025,May
BLUE RIVER A,11.0,29.2,-4.2,,,0.0,2025,May
BLUE RIVER CS,10.8,26.5,-4.3,,55.1,0.0,2025,May
CLEARWATER AUTO,13.0,29.6,-1.0,,39.5,1.4,2025,May
CLINTON A,8.5,28.2,-6.1,,30.7,0.0,2025,May
CLINTON RCS,10.0,29.0,-3.1,,9.4,0.2,2025,May
KAMLOOPS A,15.9,35.9,0.1,0.0,13.2,22.6,2025,May
KAMLOOPS AUT,15.7,34.6,0.3,,10.9,18.1,2025,May
RED LAKE,10.1,28.0,-1.0,0.0,44.0,1.0,2025,May
VAVENBY,13.6,33.5,-2.0,0.0,30.6,7.6,2025,May
KAMLOOPS PRATT ROAD,13.7,32.0,0.5,0.0,39.2,7.8,2025,May
SALMON ARM CS,13.8,31.2,-0.4,,42.7,3.4,2025,May
GOLDEN A,12.2,30.5,-1.5,0.0,38.4,1.3,2025,May
GOLDEN A,12.1,30.6,-2.2,,,1.2,2025,May
GOLDEN AIRPORT,12.2,30.3,-2.1,,34.0,1.2,2025,May
MICA DAM,12.6,23.0,0.0,0.0,85.0,0.0,2025,May
REVELSTOKE A,13.1,29.6,-1.1,,54.3,0.6,2025,May
REVELSTOKE AIRPORT AUTO,13.5,29.6,0.0,,47.4,1.8,2025,May
YOHO PARK,7.8,27.3,-5.4,,67.4,0.0,2025,May
CHETWYND A,10.8,30.5,-2.5,0.0,12.0,0.0,2025,May
CHETWYND A,10.8,30.6,-2.4,,,0.0,2025,May
DAWSON CREEK A,11.6,31.9,-3.7,,0.0,2.3,2025,May
FORT ST. JOHN A,12.1,31.2,-1.3,0.0,16.8,2.2,2025,May
FORT ST JOHN AIRPORT,12.2,30.4,-2.1,,9.9,2.2,2025,May
MACKENZIE,9.8,29.1,-3.0,,24.0,0.3,2025,May
MACKENZIE AIRPORT AUTO,10.2,29.4,-2.7,,32.8,0.8,2025,May
DEASE LAKE A,6.6,19.6,-4.1,,0.0,0.0,2025,May
FORT NELSON A,11.8,30.6,-2.5,0.0,5.8,1.3,2025,May
FORT NELSON,12.3,31.2,-0.4,,7.1,2.2,2025,May
DEASE LAKE (AUT),6.4,19.7,-5.3,,12.3,0.0,2025,May
BEAVER CREEK A,6.1,16.1,-7.6,,,0.0,2025,May
BURWASH A,5.2,15.5,-9.6,,37.0,0.0,2025,May
BURWASH AIRPORT AUTO,5.2,15.2,-9.4,,46.7,0.0,2025,May
CARMACKS CS,7.2,19.6,-6.0,,24.4,0.0,2025,May
DAWSON CITY A,8.0,20.0,-5.7,,,0.0,2025,May
FARO (AUT),7.3,16.8,-4.8,,8.6,0.0,2025,May
FARO A,7.3,16.6,-4.8,,,0.0,2025,May
HAINES JUNCTION,4.9,15.0,-7.1,,,0.0,2025,May
HERSCHEL ISLAND,-6.6,1.8,-18.6,,5.1,0.0,2025,May
IVVAVIK NAT. PARK,-1.2,15.7,-19.3,,10.7,0.0,2025,May
MACMILLAN PASS,2.3,11.5,-7.9,,,0.0,2025,May
MARGARET LAKE,-0.8,15.5,-19.2,,8.3,0.0,2025,May
MAYO A,7.8,18.8,-2.3,0.0,37.6,0.0,2025,May
MAYO A,7.7,18.8,-2.3,,,0.0,2025,May
OLD CROW RCS,1.8,18.2,-13.0,,4.7,0.0,2025,May
OLD CROW A,1.4,18.5,-13.8,,,0.0,2025,May
OTTER FALLS NCPC,5.9,15.0,-4.0,0.0,17.6,0.0,2025,May
PELLY RANCH FORT SELKIRK,8.0,19.4,-4.2,,11.3,0.0,2025,May
ROCK RIVER,-0.8,13.9,-12.6,,0.0,0.0,2025,May
DAWSON,7.8,18.9,-5.6,,26.0,0.0,2025,May
TESLIN (AUT),6.0,16.6,-4.5,,16.3,0.0,2025,May
TESLIN A,6.1,16.9,-4.3,,,0.0,2025,May
WATSON LAKE A,7.7,20.9,-3.8,,,0.0,2025,May
WATSON LAKE A,7.8,20.9,-3.8,,,0.0,2025,May
WATSON LAKE (AUT),7.8,16.6,-4.0,,38.2,0.0,2025,May
WHITEHORSE A,7.0,16.2,-3.6,,,0.0,2025,May
WHITEHORSE AUTO,6.8,15.6,-3.7,,11.6,0.0,2025,May
AKLAVIK A,-2.3,13.3,-18.7,,,0.0,2025,May
COLVILLE LAKE,-0.3,14.8,-17.3,,,0.0,2025,May
COLVILLE LAKE A,0.1,20.3,-18.3,,9.5,0.0,2025,May
DELINE CS,2.2,23.5,-21.6,,35.0,0.0,2025,May
DELINE A,2.0,23.1,-20.5,,,0.0,2025,May
DEADMEN VALLEY,9.1,22.5,-5.5,,44.2,0.0,2025,May
FORT GOOD HOPE A,3.6,22.5,-15.8,,,0.0,2025,May
FORT GOOD HOPE CS,3.4,21.2,-15.5,,23.4,0.0,2025,May
FORT LIARD,11.3,24.7,-4.7,,14.3,1.2,2025,May
FORT LIARD A,11.6,30.0,-4.3,,,1.4,2025,May
FORT MCPHERSON A,0.0,14.8,-13.5,,,0.0,2025,May
TULITA A,5.8,24.2,-10.2,,,0.0,2025,May
FORT PROVIDENCE,10.5,32.6,-8.0,,,5.8,2025,May
FORT RELIANCE (AUT),4.6,25.3,-20.2,,3.6,0.0,2025,May
FORT RESOLUTION A,9.3,30.7,-9.2,,,1.3,2025,May
FORT SIMPSON CLIMATE,10.5,28.4,-3.3,,37.2,5.1,2025,May
FORT SIMPSON A,11.7,27.0,-3.4,1.0,21.6,3.5,2025,May
FORT SIMPSON A,10.4,28.4,-3.4,,,4.6,2025,May
FORT SMITH A,11.8,33.0,-7.0,0.0,2.5,14.0,2025,May
FORT SMITH CLIMATE,12.2,33.4,-7.5,,1.6,15.9,2025,May
FORT SMITH A,12.2,33.0,-6.4,,,14.0,2025,May
HANBURY RIVER,-3.0,23.2,-20.7,,11.9,0.0,2025,May
HAY RIVER A,10.4,34.3,-11.7,0.0,24.2,10.5,2025,May
HAY RIVER CLIMATE,10.3,34.3,-11.0,,20.4,10.5,2025,May
HAY RIVER A,10.3,34.3,-11.7,,,10.5,2025,May
INNER WHALEBACKS,2.5,15.1,-12.7,,5.0,0.0,2025,May
INUVIK A,-1.4,15.8,-16.9,,,0.0,2025,May
INUVIK CLIMATE,-2.8,14.5,-17.2,,5.5,0.0,2025,May
WHATI,6.6,30.1,-11.7,,12.7,4.8,2025,May
LUTSELK'E A,6.4,32.6,-16.8,,,2.8,2025,May
NORMAN WELLS A,5.2,22.9,-9.7,14.4,20.2,0.0,2025,May
NORMAN WELLS CLIMATE,5.4,23.4,-9.2,,27.0,0.0,2025,May
PAULATUK A,-5.1,14.6,-25.4,,,0.0,2025,May
PAULATUK,-4.1,14.3,-24.4,,1.7,0.0,2025,May
PELLY ISLAND,-6.1,2.2,-18.4,,,0.0,2025,May
RABBIT KETTLE,7.5,19.0,-5.4,,42.0,0.0,2025,May
GAMETI,4.3,21.8,-12.2,,12.3,0.0,2025,May
GAMETI A,4.0,25.0,-12.9,,,0.6,2025,May
TUKTOYAKTUK A,-5.1,7.7,-18.7,,,0.0,2025,May
TUKTOYAKTUK,-5.3,7.7,-18.4,,0.7,0.0,2025,May
TUKTUT NOGAIT,-5.8,10.0,-24.9,,,0.0,2025,May
WEKWEETI A,2.3,27.4,-16.5,,22.6,0.8,2025,May
WRIGLEY A,7.9,26.1,-4.1,,,0.0,2025,May
YELLOWKNIFE A,7.2,27.9,-11.2,3.0,8.7,3.6,2025,May
YELLOWKNIFE AIRPORT,7.3,28.7,-11.2,,9.8,4.2,2025,May
YOHIN,10.5,25.6,-3.3,,31.2,0.9,2025,May
LITTLE CHICAGO,3.6,23.2,-12.2,,,0.0,2025,May
SAMBAA K'E,10.5,26.1,-6.4,,15.7,0.4,2025,May
TRAIL VALLEY,-4.2,10.6,-23.2,,4.7,0.0,2025,May
ARVIAT A,-3.6,21.3,-22.3,,5.1,0.0,2025,May
BAKER LAKE CLIMATE,-4.6,12.6,-19.7,,13.3,0.0,2025,May
BAKER LAKE A,-4.7,8.2,-19.0,1.6,1.8,0.0,2025,May
BAKER LAKE A,-4.5,12.4,-19.0,,,0.0,2025,May
BATHURST INLET,-2.4,18.0,-15.7,,6.3,0.0,2025,May
CHESTERFIELD INLET AIRPORT,-5.2,15.1,-20.8,,1.2,0.0,2025,May
CHESTERFIELD INLET A,-4.8,13.5,-21.0,,,0.0,2025,May
KUGLUKTUK A,-4.6,18.3,-20.3,0.2,0.2,0.0,2025,May
KUGLUKTUK CLIMATE,-3.7,12.6,-20.6,,0.6,0.0,2025,May
KUGLUKTUK A,-4.1,18.3,-20.6,,,0.0,2025,May
CORAL HARBOUR A,-7.1,8.8,-25.1,22.3,30.8,0.0,2025,May
CORAL HARBOUR A,-6.7,8.8,-25.1,,,0.0,2025,May
CORAL HARBOUR RCS,-5.3,6.1,-24.7,,17.7,0.0,2025,May
ENNADAI LAKE (AUT),1.2,24.4,-23.2,,10.1,0.0,2025,May
ARVIAT CLIMATE,-3.5,20.8,-22.3,,6.4,0.0,2025,May
GJOA HAVEN A,-7.4,8.5,-21.7,,29.5,0.0,2025,May
GJOA HAVEN CLIMATE,-7.3,4.7,-18.6,,2.1,0.0,2025,May
KUGAARUK CLIMATE,-6.1,13.1,-25.5,,6.9,0.0,2025,May
KUGAARUK A,-6.4,13.4,-26.0,,,0.0,2025,May
RANKIN INLET A,-4.7,12.7,-20.4,14.4,20.2,0.0,2025,May
ROBERTSON LAKE (AUT),-4.0,17.8,-21.2,,51.1,0.0,2025,May
SANIKILUAQ A,-1.7,11.6,-15.7,,,0.0,2025,May
SANIKILUAQ,-1.6,11.8,-15.7,,12.4,0.0,2025,May
WHALE COVE A,-8.5,1.2,-21.8,,,0.0,2025,May
LUPIN CS,-5.2,17.5,-19.9,,18.1,0.0,2025,May
ALERT CLIMATE,-8.7,-0.6,-21.5,,30.5,0.0,2025,May
ALERT UA,,,,41.0,24.6,,2025,May
ARCTIC BAY,-7.4,7.4,-22.2,,,0.0,2025,May
ARCTIC BAY CS,-8.3,5.5,-24.3,,11.5,0.0,2025,May
QIKIQTARJUAQ CLIMATE,-8.3,3.9,-23.3,,20.3,0.0,2025,May
QIKIQTARJUAQ A,-8.4,3.3,-23.3,,17.9,0.0,2025,May
CAMBRIDGE BAY A,-5.0,8.7,-20.0,0.6,1.8,0.0,2025,May
CAMBRIDGE BAY GSN,-4.6,8.8,-20.5,,2.3,0.0,2025,May
CAMBRIDGE BAY A,-6.1,8.7,-20.3,,,0.0,2025,May
KINNGAIT,-4.2,7.1,-12.8,,13.2,0.0,2025,May
KINNGAIT AIRPORT,-3.5,6.4,-11.6,,0.0,0.0,2025,May
CAPE LIVERPOOL,-8.0,9.3,-22.2,,41.7,0.0,2025,May
CLYDE RIVER CLIMATE,-9.3,3.6,-24.8,,7.2,0.0,2025,May
CLYDE RIVER A,-8.9,6.5,-24.2,,3.2,0.0,2025,May
EUREKA CLIMATE,-8.1,2.4,-19.1,,16.3,0.0,2025,May
EUREKA A,-8.1,2.3,-16.9,,,0.0,2025,May
FORT ROSS,-7.2,5.6,-21.8,,1.5,0.0,2025,May
GRISE FIORD CLIMATE,-8.7,3.7,-18.7,,1.4,0.0,2025,May
SANIRAJAK,-8.8,3.5,-22.0,,4.7,0.0,2025,May
SANIRAJAK AIRPORT,-9.4,2.8,-22.8,,,0.0,2025,May
GRISE FIORD A,-8.1,4.7,-18.0,,,0.0,2025,May
IGLOOLIK A,-8.4,5.0,-20.5,,,0.0,2025,May
IQALUIT CLIMATE,-3.2,3.2,-9.6,,19.5,0.0,2025,May
IQALUIT A,-4.0,6.8,-13.2,,,0.0,2025,May
KIMMIRUT A,-3.9,6.3,-14.2,,,0.0,2025,May
PANGNIRTUNG,-4.4,5.8,-13.3,,6.3,0.0,2025,May
PANGNIRTUNG A,-4.2,5.8,-14.4,,,0.0,2025,May
POND INLET CLIMATE,-10.2,1.2,-19.8,,19.8,0.0,2025,May
POND INLET A,-8.7,4.5,-22.4,,12.5,0.0,2025,May
REA POINT,-8.4,1.8,-21.5,,7.9,0.0,2025,May
NAUJAAT A,-5.0,8.9,-19.7,,,0.0,2025,May
RESOLUTE BAY A,-8.6,2.2,-17.9,,,0.0,2025,May
RESOLUTE BAY A,-7.8,2.2,-17.8,3.6,6.1,0.0,2025,May
RESOLUTE CS,-7.9,2.4,-18.1,,3.3,0.0,2025,May
STEFANSSON ISLAND,-9.9,2.3,-19.9,,,0.0,2025,May
SVARTEVAEG,-9.2,1.0,-16.7,,8.6,0.0,2025,May
TALOYOAK A,-7.9,6.2,-18.2,0.0,0.0,0.0,2025,May
TALOYOAK A,-8.0,6.2,-26.6,,,0.0,2025,May
WAGER BAY (AUT),-5.1,9.5,-20.2,,32.6,0.0,2025,May
NANGMAGVIK LAKE,-6.0,6.6,-22.7,,10.7,0.0,2025,May
CAPE PROVIDENCE,-6.9,1.4,-16.4,,21.8,0.0,2025,May
ULUKHAKTOK A,-5.5,11.3,-20.4,,,0.0,2025,May
ULUKHAKTOK,-7.0,5.3,-20.1,,,0.0,2025,May
SACHS HARBOUR CLIMATE,-4.7,7.6,-19.1,,9.4,0.0,2025,May
SACHS HARBOUR A,-6.5,7.4,-19.4,,,0.0,2025,May
THOMSEN RIVER,-7.9,1.7,-17.1,,,0.0,2025,May
BRETON,,,,0.0,93.8,,2025,May
CAMROSE,12.1,31.3,-2.7,,19.6,4.5,2025,May
CORONATION CLIMATE,11.6,30.7,-2.5,,36.6,1.0,2025,May
DAKOTA WEST,12.6,32.0,-2.5,0.0,59.4,7.1,2025,May
EDMONTON INTERNATIONAL CS,13.1,32.7,-3.7,,24.7,11.4,2025,May
EDMONTON BLATCHFORD,14.2,32.7,0.3,,26.3,14.7,2025,May
EDMONTON INTL A,13.0,32.8,-3.9,0.0,31.2,11.3,2025,May
EDMONTON VILLENEUVE A,13.1,31.9,-2.8,,33.0,10.2,2025,May
EDMONTON STONY PLAIN,13.2,31.0,2.5,0.0,46.4,8.1,2025,May
ELK ISLAND NAT PARK,13.1,30.0,-0.2,,18.6,7.6,2025,May
FABYAN,12.2,31.5,-2.5,0.0,39.4,4.8,2025,May
FORT SASKATCHEWAN,12.9,28.0,-3.0,0.0,4.0,0.8,2025,May
LLOYDMINSTER,12.7,31.5,-2.1,,0.0,10.4,2025,May
LLOYDMINSTER A,12.8,31.0,-2.0,0.0,24.4,10.8,2025,May
MOBILE UPPER AIR STATION-EDMONTON,19.9,21.1,18.7,,,1.9,2025,May
MONITOR,,,,0.0,13.2,,2025,May
RANFURLY AUTO,13.2,31.9,-0.5,,34.2,9.9,2025,May
ROCKY MTN HOUSE (AUT),10.2,29.5,-1.7,,47.6,1.4,2025,May
UNCAS,,,,0.0,24.8,,2025,May
VEGREVILLE,13.0,31.8,-1.4,,17.7,9.3,2025,May
EDMONTON STONY PLAIN CS,13.3,31.0,0.6,,43.9,7.6,2025,May
ESTHER 1,12.8,31.2,0.3,,8.5,5.9,2025,May
WAINWRIGHT CFB AIRFIELD 21,12.8,32.1,0.5,,23.9,7.8,2025,May
DRUMHELLER EAST,13.9,33.9,0.5,,38.2,14.1,2025,May
LACOMBE CDA 2,12.2,31.9,-1.5,,47.8,7.6,2025,May
RED DEER REGIONAL A,11.7,31.6,-1.7,,90.5,4.6,2025,May
SUNDRE A,9.9,30.3,-4.9,,52.6,0.4,2025,May
BOW ISLAND,14.0,32.7,-1.9,,12.0,12.5,2025,May
BROOKS,13.1,32.7,-4.4,,26.8,9.2,2025,May
CALGARY INTL A,12.9,31.8,0.7,0.0,53.5,6.1,2025,May
CALGARY INT'L CS,12.3,30.9,-1.1,,47.6,4.0,2025,May
CALGARY SPRINGBANK A,10.4,30.4,-5.7,,28.1,0.3,2025,May
CARDSTON,12.6,31.9,-1.9,,20.9,6.8,2025,May
CARWAY,10.9,28.9,-2.6,,28.9,3.0,2025,May
CLARESHOLM,12.6,33.0,-3.2,,34.2,6.4,2025,May
COP UPPER,12.2,31.2,0.1,,47.7,6.9,2025,May
LETHBRIDGE,13.0,33.5,-1.9,,43.8,8.0,2025,May
LETHBRIDGE CDA,13.0,33.4,-1.3,,29.9,10.2,2025,May
LETHBRIDGE CDA 2,,,,0.0,0.0,,2025,May
MEDICINE HAT,14.9,33.6,-2.0,,8.6,22.3,2025,May
MEDICINE HAT RCS,15.1,33.8,-2.6,,8.4,22.3,2025,May
PINCHER CREEK,11.4,30.7,-3.8,,27.9,4.1,2025,May
PINCHER CREEK CLIMATE,11.6,31.0,-3.6,,29.5,4.3,2025,May
QUEENSTOWN,13.0,32.5,-0.5,0.0,18.2,9.5,2025,May
STAVELY AAFC,11.3,28.6,0.3,,61.0,2.9,2025,May
TABER,14.6,34.0,2.0,0.0,35.2,7.6,2025,May
OKOTOKS,12.9,32.5,-2.0,0.0,88.4,7.8,2025,May
MILK RIVER,12.4,32.4,-5.7,,42.5,4.4,2025,May
ONEFOUR CDA,13.5,32.4,-0.9,,,7.2,2025,May
BANFF CS,9.6,27.0,-4.5,,34.1,0.0,2025,May
BEAVER MINES,11.1,29.5,-2.0,,30.1,3.1,2025,May
BOW VALLEY,10.9,29.7,-4.3,,33.0,1.7,2025,May
CROWSNEST,9.2,27.8,-6.3,,26.4,0.0,2025,May
JASPER WARDEN,10.4,30.9,-4.0,,29.6,0.0,2025,May
KANANASKIS,10.1,28.5,-4.0,0.0,51.8,0.8,2025,May
NORDEGG CS,8.7,27.7,-7.1,,82.6,0.0,2025,May
PEKISKO,10.1,29.8,-4.1,,34.0,1.5,2025,May
WATERTON PARK GATE,11.4,28.8,-5.4,,41.3,3.0,2025,May
WHITECOURT A,11.8,30.4,-1.9,,,3.7,2025,May
NAKISKA RIDGETOP,3.5,18.2,-7.2,,,0.0,2025,May
BARRHEAD CS,12.6,32.0,-1.4,,36.2,4.8,2025,May
BRULE BLACK CAT,8.6,31.0,-7.5,0.0,74.0,0.0,2025,May
CAMPSIE AUTO,12.0,30.7,-2.3,,77.2,2.9,2025,May
EDSON,10.2,29.2,-4.1,,52.1,0.0,2025,May
EDSON CLIMATE,10.3,29.0,-3.4,,51.4,0.0,2025,May
ENTWISTLE,12.7,32.0,0.0,0.0,83.0,6.0,2025,May
FORT MCMURRAY CS,13.5,32.9,-5.1,,13.6,13.7,2025,May
FORT MCMURRAY A,13.6,32.9,-3.3,,17.9,15.2,2025,May
HENDRICKSON CREEK,6.1,28.7,-7.6,,57.1,0.0,2025,May
ISLAND LAKE SOUTH,12.8,31.6,-1.1,,43.7,7.8,2025,May
LAC LA BICHE CLIMATE,12.9,31.0,-2.4,,42.3,7.7,2025,May
MILDRED LAKE,14.7,33.5,0.1,,23.1,21.4,2025,May
SLAVE LAKE,12.5,31.7,-2.1,,20.6,4.7,2025,May
SLAVE LAKE RCS,12.4,32.2,-1.8,,6.3,3.7,2025,May
WILLOW CREEK 1,,,,,53.5,,2025,May
BEAVERLODGE RCS,11.7,32.3,-1.4,,6.0,3.6,2025,May
EGG ISLAND,5.2,20.9,-11.0,,,0.0,2025,May
FORT CHIPEWYAN,12.1,34.5,-7.9,,4.6,18.3,2025,May
FORT CHIPEWYAN RCS,12.7,34.7,-2.3,,1.3,19.1,2025,May
FORT VERMILION,13.9,33.4,-3.0,,2.7,13.6,2025,May
GRANDE PRAIRIE A,12.3,32.3,-1.6,0.0,6.6,4.8,2025,May
HIGH LEVEL A,12.2,32.8,-5.3,,4.3,5.6,2025,May
HIGH LEVEL,11.3,32.3,-6.4,,5.4,5.3,2025,May
PEACE RIVER A,12.4,32.0,-2.9,,5.9,5.2,2025,May
ROMA,13.3,31.6,-1.7,,6.8,6.9,2025,May
RED EARTH,13.1,33.3,-4.4,,10.4,7.5,2025,May
GARDEN RIVER,13.2,33.7,-3.5,,18.4,10.2,2025,May
COLD LAKE A,12.7,31.3,-2.0,0.0,55.2,8.1,2025,May
BRATT'S LAKE CLIMATE,12.2,32.8,-1.9,,43.5,9.6,2025,May
BROADVIEW,12.1,31.8,-2.5,,39.8,7.3,2025,May
DUVAL,13.4,30.0,0.0,0.0,24.0,18.0,2025,May
ESTEVAN A,12.5,33.4,-3.3,,101.8,17.5,2025,May
ESTEVAN,12.7,33.3,-0.7,,96.8,18.2,2025,May
INDIAN HEAD CDA,12.7,33.8,-4.0,,14.9,14.5,2025,May
KELLIHER,13.2,30.5,-1.0,0.0,31.6,11.6,2025,May
KIPLING,12.4,32.0,-1.5,0.0,69.0,13.2,2025,May
LAST MOUNTAIN CS,13.4,30.4,-1.3,,17.4,10.9,2025,May
LEROY,13.6,30.5,-3.0,0.0,10.2,14.1,2025,May
LIPTON 2,13.5,32.5,-2.5,0.0,12.4,7.1,2025,May
MOOSE JAW CS,13.2,30.3,-3.3,,28.1,16.0,2025,May
OXBOW,12.0,32.5,-1.0,0.0,92.0,11.4,2025,May
QU'APPELLE 1,13.0,33.5,-2.5,0.0,40.8,14.1,2025,May
REGINA INTL A,12.7,32.0,-1.5,,,12.4,2025,May
REGINA RCS,13.0,32.6,-1.0,,39.0,13.8,2025,May
WATROUS EAST,12.6,31.6,-1.5,,12.9,8.6,2025,May
YELLOW GRASS NORTH,12.5,33.4,-2.9,,68.4,11.1,2025,May
YORKTON,12.4,30.3,-1.7,,17.6,11.2,2025,May
YORKTON,13.1,30.1,-1.3,,15.7,13.4,2025,May
WYNYARD (AUT),13.2,29.8,-1.7,,16.9,16.5,2025,May
WEYBURN,12.1,32.4,-3.0,,60.7,10.2,2025,May
ASSINIBOIA AIRPORT,12.7,31.7,-1.6,,29.2,9.4,2025,May
BEECHY,14.1,31.0,-0.5,0.0,24.4,9.5,2025,May
ELBOW CS,13.0,30.0,-2.1,,17.9,2.4,2025,May
LUCKY LAKE,13.2,29.8,-0.2,,14.7,7.0,2025,May
MAPLE CREEK,13.1,31.4,-5.2,,22.5,8.1,2025,May
ROCK POINT,13.7,29.5,1.5,0.0,21.4,12.9,2025,May
SWIFT CURRENT,13.2,29.6,1.3,,27.9,3.7,2025,May
SWIFT CURRENT CDA,14.0,29.3,1.7,,10.7,1.2,2025,May
LEADER AIRPORT,14.1,33.0,-1.6,,18.2,9.7,2025,May
CORONACH SPC,12.0,32.2,-5.1,,16.5,5.7,2025,May
CYPRESS HILLS PARK,11.3,27.5,0.5,,7.9,0.7,2025,May
EASTEND CYPRESS (AUT),12.6,29.1,1.2,,27.8,4.8,2025,May
MANKOTA,11.9,30.8,-4.9,,46.5,1.8,2025,May
ROCKGLEN (AUT),12.1,28.3,-0.6,,39.3,6.7,2025,May
VAL MARIE SOUTHEAST,12.5,31.5,-4.1,,36.8,1.2,2025,May
BUTTE ST PIERRE,12.7,32.0,-6.0,0.0,22.0,4.9,2025,May
KINDERSLEY A,13.5,32.3,0.5,,,8.9,2025,May
KINDERSLEY A,13.5,32.3,0.5,0.0,5.7,8.9,2025,May
KINDERSLEY AIRPORT,13.5,31.9,0.1,,7.4,7.6,2025,May
NORTH BATTLEFORD RCS,13.5,31.8,-1.5,,5.0,8.7,2025,May
NORTH BATTLEFORD,13.6,31.8,-0.8,,9.8,10.5,2025,May
ROSETOWN EAST,13.4,32.0,-2.6,,5.5,6.6,2025,May
SCOTT CDA,12.9,30.7,-1.0,,11.8,4.0,2025,May
SONNINGDALE,12.6,29.5,-1.0,0.0,16.6,5.1,2025,May
WASECA RCS,13.2,30.6,-1.3,,23.9,10.0,2025,May
HOEY,,,,0.0,1.2,,2025,May
MELFORT,13.8,31.7,-2.4,,1.6,17.3,2025,May
OUTLOOK PFRA,13.6,30.8,-0.3,,6.2,6.1,2025,May
PILGER,13.6,30.8,-2.3,,4.3,7.3,2025,May
PRINCE ALBERT A,13.3,32.1,-5.0,0.0,2.4,8.4,2025,May
PRINCE ALBERT GLASS FIELD,12.6,31.4,-5.1,,2.0,4.3,2025,May
SASKATOON INTL A,13.9,31.4,-0.8,,,13.9,2025,May
SASKATOON RCS,14.1,31.9,-1.2,,7.9,12.3,2025,May
BUFFALO NARROWS (AUT),12.7,31.7,-2.1,,37.4,11.6,2025,May
BUFFALO NARROWS A,13.0,31.9,-1.0,,34.9,15.7,2025,May
CIGAR LAKE,7.9,33.0,-11.0,0.0,1.4,6.5,2025,May
COLLINS BAY SK,7.3,29.1,-15.7,,6.2,6.9,2025,May
COLLINS BAY CAMECO,8.4,30.5,-12.0,5.0,8.0,10.1,2025,May
ISLAND FALLS (AUT),11.3,31.4,-5.6,,6.0,9.8,2025,May
KEY LAKE,8.9,27.8,-11.9,,6.8,5.4,2025,May
KEY LAKE,10.4,31.0,-10.1,,16.7,8.5,2025,May
LA RONGE RCS,12.2,29.2,-4.4,,2.6,5.6,2025,May
LA RONGE A,12.1,29.1,-5.7,0.0,3.2,5.1,2025,May
LOON LAKE RCS,12.0,31.3,-4.0,,33.1,4.7,2025,May
MEADOW LAKE A,12.9,32.3,-1.6,,,10.8,2025,May
SOUTHEND,9.5,28.8,-6.0,,0.2,3.2,2025,May
SPIRITWOOD WEST,12.1,30.6,-6.1,,9.0,4.0,2025,May
STONY RAPIDS,8.5,33.3,-13.2,,14.5,5.8,2025,May
WASKESIU LAKE,12.8,31.0,-3.8,,5.5,9.9,2025,May
MEADOW LAKE,12.9,32.2,-3.6,,24.6,9.6,2025,May
URANIUM CITY (AUT),9.3,32.4,-9.7,,6.1,5.9,2025,May
NIPAWIN,13.2,32.3,-3.3,,0.0,13.1,2025,May
NIPAWIN,14.2,33.1,-2.1,,1.5,11.7,2025,May
HUDSON BAY(AUT),12.7,32.1,-3.6,,16.6,12.0,2025,May
BALDUR,13.5,34.0,-5.0,0.0,41.6,19.5,2025,May
BRANDON A,12.6,33.4,-3.5,0.0,77.1,15.5,2025,May
BRANDON RCS,12.7,32.9,-3.3,,69.4,14.9,2025,May
CARBERRY CS,13.0,33.3,-2.6,,101.7,16.3,2025,May
CYPRESS RIVER RCS,12.9,33.3,-2.4,,84.8,20.0,2025,May
ELKHORN 2 EAST,10.9,33.5,-2.0,0.0,41.0,5.8,2025,May
PORTAGE ROMANCE,,,,0.0,33.2,,2025,May
PORTAGE LA PRAIRIE CDA,,,,0.0,29.6,,2025,May
PORTAGE SOUTHPORT,13.6,33.3,-0.7,,41.0,20.3,2025,May
ROBLIN,12.1,30.1,-2.0,,33.5,6.4,2025,May
SHOAL LAKE CS,11.7,31.4,-3.3,,35.1,11.4,2025,May
VIRDEN WATER,13.6,33.0,-3.0,0.0,86.6,12.0,2025,May
WASAGAMING,10.6,30.9,-5.7,,23.3,5.8,2025,May
MELITA,13.0,33.9,-1.9,,65.5,17.4,2025,May
ROBLIN FRIESEN 3 NORTHWEST,,,,0.0,31.0,,2025,May
RIVERS PETTAPIECE,,,,0.0,65.4,,2025,May
DEERWOOD RCS,14.8,35.6,-1.3,,78.3,37.5,2025,May
EMERSON AUTO,14.7,37.8,-0.1,,47.8,28.5,2025,May
GRETNA (AUT),15.4,36.7,-0.7,,56.7,35.9,2025,May
HOLLAND,,,,0.0,78.4,,2025,May
KLEEFELD (MAFRI),13.9,34.7,-1.8,,39.9,19.2,2025,May
MARQUETTE,15.8,35.5,-1.0,0.0,30.4,36.5,2025,May
MORDEN CDA CS,13.7,35.8,1.1,,97.2,19.7,2025,May
PILOT MOUND (AUT),12.7,35.4,-1.6,,37.8,20.5,2025,May
ST LABRE,,,,0.0,18.4,,2025,May
WINNIPEG ST ANDREWS,13.9,36.9,-1.8,,,25.4,2025,May
SCHANZENFELD,,,,0.0,28.0,,2025,May
SNOW LAKE,11.0,29.9,-5.1,,23.1,8.9,2025,May
SPRAGUE,14.2,34.4,-1.1,,21.5,33.1,2025,May
STONY MOUNTAIN,14.4,37.5,-4.0,0.0,15.0,29.1,2025,May
WINNIPEG INTL A,14.7,36.9,-1.0,,,31.2,2025,May
WINNIPEG THE FORKS,16.1,36.8,1.0,,24.3,42.4,2025,May
CARMAN U OF M CS,14.2,37.0,-0.2,,36.4,28.2,2025,May
WINNIPEG A CS,14.9,37.0,-0.9,,30.4,31.0,2025,May
BERENS RIVER CS,10.1,27.1,-4.1,,29.1,2.3,2025,May
BERENS RIVER A,10.8,27.3,-4.1,,,2.3,2025,May
GEORGE ISLAND (AUT),6.5,21.2,-3.5,,8.6,0.0,2025,May
FISHER BRANCH (AUT),12.6,32.8,-5.5,,11.5,14.4,2025,May
GIMLI HARBOUR CS,12.7,35.1,0.4,,,12.3,2025,May
GIMLI CLIMATE,13.1,36.2,-0.2,,24.4,11.1,2025,May
GREAT FALLS CLIMATE,13.5,34.9,-0.8,,22.0,14.9,2025,May
INDIAN BAY,14.0,34.0,-2.0,0.0,17.6,23.7,2025,May
GRAND RAPIDS (AUT),6.8,30.2,-6.2,,9.7,0.0,2025,May
PINAWA CANWARN,,,,0.0,12.0,,2025,May
RENNIE,13.0,34.0,-5.0,0.0,5.0,6.5,2025,May
VICTORIA BEACH (AUT),12.4,32.6,0.7,,,12.2,2025,May
PINAWA,13.4,34.4,-2.0,,12.2,21.8,2025,May
BEAVER,,,,0.0,7.8,,2025,May
DAUPHIN CS,12.0,31.5,-6.0,,35.7,9.1,2025,May
DAUPHIN,12.3,31.9,-6.2,,37.8,14.2,2025,May
MAFEKING,12.2,32.0,-4.0,0.0,43.8,17.9,2025,May
MCCREARY,12.3,32.9,-5.8,,27.4,16.7,2025,May
OAKPOINT MARINE,12.6,30.4,-1.7,,18.7,9.1,2025,May
SWAN RIVER RCS,12.4,32.0,-3.5,,23.9,9.9,2025,May
FLIN FLON,10.5,30.7,-3.3,,11.8,2.7,2025,May
FLIN FLON,10.8,27.0,-3.0,0.0,7.2,0.0,2025,May
FLIN FLON A,11.2,30.5,-3.5,,,5.9,2025,May
THE PAS A,11.7,31.2,-3.1,,15.1,13.1,2025,May
THE PAS CLIMATE,11.0,30.3,-2.3,,13.3,8.2,2025,May
CHURCHILL A,1.7,25.9,-22.1,,70.2,1.6,2025,May
CHURCHILL A,1.9,25.9,-22.1,,,1.7,2025,May
CHURCHILL CLIMATE,2.1,26.0,-21.8,,26.8,1.7,2025,May
CROSS LAKE JENPEG 2,10.1,29.8,-5.7,,18.6,3.9,2025,May
JENPEG,10.2,28.7,-6.1,,12.8,4.2,2025,May
GILLAM,7.1,27.6,-14.8,,23.3,0.4,2025,May
GILLAM A,10.0,25.8,-2.9,0.0,0.0,0.7,2025,May
ISLAND LAKE A,9.8,28.5,-6.4,,0.0,4.3,2025,May
ISLAND LAKE AIRPORT,9.8,28.4,-6.3,,45.8,4.7,2025,May
KELSEY DAM CS,7.9,27.5,-9.2,,25.7,0.0,2025,May
LYNN LAKE,8.8,27.5,-11.1,,8.7,4.2,2025,May
LYNN LAKE RCS,9.3,29.1,-11.7,,10.8,8.5,2025,May
NORWAY HOUSE,10.1,27.0,-5.1,,8.3,1.4,2025,May
TADOULE LAKE,6.0,27.4,-20.0,,16.3,3.1,2025,May
TADOULE LAKE CS,4.9,27.6,-21.8,,28.2,1.8,2025,May
THOMPSON AIRPORT,9.1,30.4,-7.8,,17.6,0.6,2025,May
THOMPSON A,9.1,30.3,-8.2,5.6,14.0,2.3,2025,May
ATTAWAPISKAT A,5.1,30.7,-9.5,,15.9,2.1,2025,May
BIG TROUT LAKE A,7.8,28.0,-8.7,,38.4,0.0,2025,May
BIG TROUT LAKE,6.5,28.5,-9.6,,50.1,0.0,2025,May
EAR FALLS (AUT),12.4,32.0,-2.8,,4.5,14.0,2025,May
FORT SEVERN A,2.6,27.9,-15.2,,11.6,1.9,2025,May
LANSDOWNE HOUSE A,8.1,34.0,-5.7,,13.6,1.3,2025,May
LANSDOWNE HOUSE (AUT),7.9,34.3,-6.4,,13.6,1.5,2025,May
MUSKRAT DAM,9.5,28.9,-4.5,,23.3,2.1,2025,May
PEAWANUCK (AUT),1.9,23.3,-16.1,,25.6,0.0,2025,May
PEAWANUCK A,3.4,29.0,-15.5,,21.1,3.2,2025,May
PICKLE LAKE (AUT),9.2,32.7,-4.5,,7.2,6.9,2025,May
PICKLE LAKE A,9.2,27.9,-4.5,,1.9,2.6,2025,May
RED LAKE A,11.5,32.3,-4.5,,,12.2,2025,May
SANDY LAKE A,10.1,30.0,-3.7,,0.0,6.7,2025,May
WEAGAMOW LAKE,8.6,30.7,-7.2,,18.1,1.8,2025,May
BARWICK,14.1,33.5,0.0,0.0,16.0,29.4,2025,May
ATIKOKAN (AUT),11.8,31.9,-3.5,,20.5,17.1,2025,May
FORT FRANCES RCS,12.9,34.1,-2.0,,21.1,24.1,2025,May
DRYDEN REGIONAL,12.9,31.9,-1.2,,11.7,19.5,2025,May
KENORA RCS,14.4,32.4,-0.9,,5.9,29.0,2025,May
KENORA A,13.6,31.6,-0.8,0.9,7.8,25.1,2025,May
RAWSON LAKE (AUT),13.7,32.1,-0.6,,1.1,20.7,2025,May
ROYAL ISLAND (AUT),14.2,32.7,-0.2,,13.3,25.5,2025,May
SIOUX LOOKOUT A,11.7,31.5,-2.7,3.4,9.0,13.3,2025,May
SIOUX LOOKOUT AIRPORT,12.1,32.0,-1.9,,8.1,15.6,2025,May
ARMSTRONG (AUT),8.7,29.5,-6.5,,30.5,0.0,2025,May
ARMSTRONG A,8.4,29.5,-7.2,,24.1,0.0,2025,May
CAMERON FALLS (AUT),8.5,27.3,-4.8,,32.2,0.0,2025,May
CARIBOU ISLAND (AUT),6.4,14.2,1.6,,10.0,0.0,2025,May
GERALDTON A,9.2,29.2,-4.7,,16.1,4.9,2025,May
GERALDTON AIRPORT,8.9,29.2,-7.4,,15.5,4.7,2025,May
HAZELWOOD,,,,0.0,21.4,,2025,May
MARATHON A,8.6,25.3,-6.9,,,0.0,2025,May
PUKASKWA (AUT),8.5,23.1,-5.0,,7.0,0.4,2025,May
TERRACE BAY AIRPORT,7.8,25.2,-7.3,,21.1,0.0,2025,May
THUNDER BAY,9.4,29.4,-5.5,,19.3,0.0,2025,May
THUNDER BAY A,9.5,29.4,-5.5,,,0.0,2025,May
THUNDER BAY CS,9.5,28.7,-5.4,,9.7,0.0,2025,May
UPSALA (AUT),10.4,31.5,-4.4,,17.4,7.3,2025,May
WELCOME ISLAND (AUT),8.3,21.3,0.8,,12.4,0.0,2025,May
LITTLE FLATLAND ISLAND (AUT),6.1,19.6,-4.6,,14.6,0.0,2025,May
LAKE SUPERIOR PROVINCIAL PARK,9.4,27.5,-4.1,,49.0,1.8,2025,May
SAULT STE MARIE A,10.1,28.1,-3.4,0.0,51.0,3.7,2025,May
SAULT STE. MARIE AIRPORT,10.0,27.6,-2.8,,46.9,3.4,2025,May
WAWA A,9.2,24.3,-3.3,,,1.7,2025,May
CHAPLEAU A,9.8,29.6,-5.5,,,6.0,2025,May
CHAPLEAU AIRPORT,9.3,29.2,-5.1,,39.7,5.8,2025,May
MONETVILLE 2,11.5,27.0,-2.5,0.0,62.2,0.3,2025,May
SUDBURY CLIMATE,10.9,28.8,-4.5,,63.2,3.6,2025,May
SUDBURY A,10.3,28.8,-2.8,0.0,68.0,2.1,2025,May
BONNER LAKE,7.1,30.0,-8.5,0.0,30.6,0.0,2025,May
EARLTON A,10.0,29.8,-4.5,,40.0,2.3,2025,May
EARLTON CLIMATE,10.1,30.1,-3.5,,37.1,2.2,2025,May
KAPUSKASING A,9.1,31.3,-7.4,6.8,36.5,5.3,2025,May
KAPUSKASING A,8.6,28.4,-7.4,,,3.6,2025,May
KAPUSKASING CDA ON,9.7,31.3,-8.1,,26.2,7.1,2025,May
KIRKLAND LAKE,9.0,30.5,-7.0,,25.8,0.0,2025,May
MOOSONEE,5.9,30.5,-8.5,,23.2,1.2,2025,May
MOOSONEE RCS,5.6,30.5,-9.7,,19.6,0.0,2025,May
NAGAGAMI (AUT),8.7,30.5,-7.8,,18.7,8.0,2025,May
OGOKI POST A,8.2,33.5,-5.3,,10.7,5.7,2025,May
OGOKI POST,8.2,33.6,-5.4,,12.1,5.5,2025,May
TIMMINS CLIMATE,9.5,31.1,-7.1,,26.3,6.9,2025,May
TIMMINS A,9.5,31.4,-7.2,0.0,30.1,7.2,2025,May
ALGONQUIN PARK EAST GATE,10.2,28.8,-4.7,,95.7,0.0,2025,May
NORTH BAY A,11.0,29.6,-3.7,,65.7,6.1,2025,May
NORTH BAY AIRPORT,11.2,29.8,-2.9,,63.8,6.2,2025,May
GORE BAY-MANITOULIN,11.2,24.6,-2.0,,18.3,0.4,2025,May
GORE BAY CLIMATE,10.9,24.6,-2.6,,65.0,0.0,2025,May
APPLETON,13.4,28.0,-0.5,0.0,60.4,5.1,2025,May
BROCKVILLE CLIMATE,12.8,28.2,-1.0,,65.1,2.3,2025,May
CORNWALL,13.7,28.0,0.0,0.0,80.0,9.3,2025,May
DRUMMOND CENTRE,13.6,28.0,-0.5,0.0,77.2,6.2,2025,May
GRENADIER ISLAND,13.3,28.4,3.8,,35.2,3.5,2025,May
HARTINGTON IHD,14.3,26.5,0.5,0.0,73.0,3.7,2025,May
KEMPTVILLE CS,13.2,28.1,-1.2,,40.5,3.0,2025,May
KINGSTON CLIMATE,12.2,25.2,1.1,,69.5,0.0,2025,May
KINGSTON A,12.4,25.6,1.1,,,0.3,2025,May
MOOSE CREEK WELLS,13.1,27.9,-2.8,,54.0,4.2,2025,May
OMPAH-SEITZ,13.0,29.0,0.5,0.0,119.2,4.1,2025,May
OTTAWA CDA,14.7,28.0,0.0,0.0,28.4,8.2,2025,May
OTTAWA CDA RCS,13.7,27.4,0.3,,74.2,5.0,2025,May
OTTAWA INTL A,13.3,28.0,-2.8,0.0,60.7,3.0,2025,May
PEMBROKE CLIMATE,11.9,27.7,-3.8,,80.7,2.3,2025,May
ST. ALBERT,13.2,28.0,-4.0,0.0,94.4,7.3,2025,May
PETAWAWA HOFFMAN,13.5,28.0,-2.5,0.0,76.0,9.9,2025,May
BALDWIN,12.5,29.5,-2.0,0.0,83.4,5.9,2025,May
BARRIE LANDFILL,13.1,28.5,-0.5,0.0,88.0,2.5,2025,May
BEATRICE CLIMATE,11.2,28.6,-2.2,,99.6,1.3,2025,May
COLDWATER WARMINSTER,12.7,27.5,1.0,0.0,89.8,5.5,2025,May
LAGOON CITY,12.3,26.9,2.3,,,3.1,2025,May
MUSKOKA,12.1,28.8,-2.2,,88.4,2.7,2025,May
ORILLIA BRAIN,12.5,27.0,0.5,0.0,106.4,5.1,2025,May
PARRY SOUND CCG,12.5,29.2,-0.9,,103.0,5.0,2025,May
SHANTY BAY,12.2,28.0,-1.0,0.0,83.6,3.0,2025,May
BARRIE-ORO,11.4,26.8,-0.2,,92.4,1.1,2025,May
UDORA,12.8,28.5,-1.0,0.0,92.4,6.9,2025,May
WIARTON A,10.6,26.1,-0.3,,,0.3,2025,May
WIARTON A,10.6,26.1,-0.3,0.0,76.4,0.3,2025,May
WESTERN ISLAND (AUT),8.5,22.1,1.3,,,0.0,2025,May
EGBERT CS,11.5,27.9,-1.6,,60.6,4.1,2025,May
GODERICH,11.2,26.3,-1.9,,39.6,8.3,2025,May
SARNIA,11.3,25.7,2.5,,71.0,3.7,2025,May
SARNIA CLIMATE,11.4,27.0,2.6,,51.8,6.3,2025,May
TOBERMORY RCS,9.9,24.4,-2.6,,55.5,0.5,2025,May
AMHERSTBURG,14.5,29.5,2.5,0.0,95.4,11.8,2025,May
CHATHAM KENT,12.7,24.7,1.1,,51.0,2.1,2025,May
CEDAR SPRINGS,12.5,23.6,2.2,,89.1,0.4,2025,May
DELHI CS,12.1,28.2,-4.0,,71.4,5.1,2025,May
GRIMSBY MOUNTAIN,13.1,29.0,4.0,0.0,117.2,5.3,2025,May
HARROW CDA AUTO,13.5,27.0,1.8,,99.6,6.4,2025,May
NEW GLASGOW,12.7,25.0,2.0,0.0,97.0,1.5,2025,May
PORT COLBORNE,12.6,25.5,2.5,0.0,60.2,4.1,2025,May
PORT WELLER (AUT),12.1,25.1,5.8,,99.0,0.0,2025,May
RIDGETOWN RCS,12.2,25.7,-0.9,,70.0,2.6,2025,May
ST CATHARINES A,13.0,26.3,1.6,,,2.7,2025,May
ST THOMAS WPCP,13.2,28.0,-3.0,0.0,57.0,5.0,2025,May
TILLSONBURG WWTP,,,,0.0,73.4,,2025,May
VINELAND STATION RCS,11.9,26.4,3.4,,107.0,0.6,2025,May
WELLAND-PELHAM,12.9,27.7,1.7,,81.2,3.1,2025,May
WINDSOR A,13.8,28.2,2.5,,65.6,8.1,2025,May
POINT PELEE CS,13.5,27.4,1.7,,104.4,3.5,2025,May
BRANTFORD AIRPORT,12.5,27.3,1.1,,104.4,4.4,2025,May
ELORA RCS,11.4,26.0,-0.4,,82.6,1.1,2025,May
FERGUS SHAND DAM,11.8,27.5,0.0,0.0,89.0,1.8,2025,May
FERGUS MOE,11.8,27.0,-2.0,0.0,94.2,3.6,2025,May
GUELPH TURFGRASS INSTITUTE,11.8,26.9,0.3,,77.7,1.9,2025,May
KITCHENER/WATERLOO,11.9,27.2,-1.0,,97.2,2.3,2025,May
LONDON A,12.7,27.7,1.0,,,7.0,2025,May
LONDON CS,12.2,26.7,1.3,,50.1,0.7,2025,May
MOUNT FOREST (AUT),11.3,27.1,0.1,,70.0,4.0,2025,May
ROSEVILLE,12.5,27.0,1.0,0.0,91.8,3.1,2025,May
STRATHROY-MULLIFARRY,13.0,28.0,0.0,0.0,86.0,9.5,2025,May
WOODSTOCK,15.0,28.0,2.0,0.0,49.0,4.5,2025,May
BELLEVILLE,14.1,25.5,4.0,0.0,142.8,3.6,2025,May
BELLEVILLE QUINTE,12.6,26.6,-0.4,,115.7,0.1,2025,May
BURLINGTON PIERS (AUT),11.5,27.1,4.9,,,1.2,2025,May
CENTREVILLE,13.0,26.0,-1.5,0.0,99.4,0.3,2025,May
COBOURG (AUT),11.1,21.3,3.5,,139.6,0.0,2025,May
COBOURG STP,12.5,23.0,3.0,0.0,122.0,0.0,2025,May
GEORGETOWN WWTP,14.3,28.5,0.0,0.0,47.0,11.3,2025,May
HAMILTON A,12.2,26.9,1.3,0.0,94.5,2.1,2025,May
HAMILTON RBG CS,12.5,28.3,1.4,,65.6,3.0,2025,May
KING CITY NORTH,11.8,26.3,0.6,,112.1,2.4,2025,May
OSHAWA,12.6,25.0,1.8,,102.1,1.1,2025,May
POINT PETRE (AUT),10.5,21.5,2.0,,121.7,0.0,2025,May
TORONTO CITY,13.6,27.8,5.3,,98.9,5.5,2025,May
TORONTO CITY CENTRE,12.3,25.5,5.8,,90.8,0.0,2025,May
TORONTO INTL A,13.2,27.5,3.2,0.0,78.3,5.1,2025,May
TRENTON A,12.9,25.0,1.3,0.0,149.6,0.1,2025,May
UXBRIDGE WEST,11.9,26.7,-1.6,,82.7,5.1,2025,May
TORONTO NORTH YORK,13.3,27.0,2.0,0.0,78.6,3.0,2025,May
PETERBOROUGH A,12.5,27.2,-0.6,,111.8,0.4,2025,May
PETERBOROUGH TRENTU FARM,12.5,27.0,0.4,,91.9,0.0,2025,May
TAPLEY,,,,0.0,166.0,,2025,May
BANCROFT AUTO,11.0,27.8,-3.6,,95.9,0.0,2025,May
BEAUPORT,12.3,29.2,-1.1,,84.5,6.0,2025,May
COTEAU DU LAC,,29.2,0.7,0.0,91.7,,2025,May
DESCHAMBAULT,11.7,28.1,-4.2,,115.1,1.3,2025,May
L'ASSOMPTION,13.7,28.6,-0.6,,78.2,8.3,2025,May
OKA,,,,0.0,68.0,,2025,May
L'ETAPE,6.9,24.3,-9.1,,69.6,0.0,2025,May
QUEBEC INTL A,11.3,28.0,-2.5,,,1.2,2025,May
RIVIERE VERTE OUEST,,26.9,-4.0,,,,2025,May
ST ALBAN,,22.1,-3.2,,,,2025,May
STE ANNE DE LA PERADE,,28.2,-2.6,0.0,105.1,,2025,May
ST CHARLES DE MANDEVILLE,,27.7,-3.0,,,,2025,May
STE CHRISTINE,,28.1,-4.1,0.0,102.6,,2025,May
SHAWINIGAN,12.4,27.4,-2.0,,92.0,4.9,2025,May
TROIS RIVIERES A,12.2,27.8,-3.4,,106.5,4.0,2025,May
TROIS-RIVIERES,15.7,22.3,9.1,,,0.0,2025,May
TROIS-RIVIERES,12.4,28.0,1.3,,93.7,4.0,2025,May
LAC SAINT-PIERRE,13.4,26.5,1.7,,,5.0,2025,May
STE-FOY (U. LAVAL),11.7,28.0,-2.3,,116.2,2.5,2025,May
LEMIEUX,12.0,27.9,-4.5,,88.9,3.2,2025,May
QUEBEC/JEAN LESAGE INTL,10.8,27.9,-3.0,,115.3,0.9,2025,May
FLEURY,,29.5,-0.3,0.0,106.6,,2025,May
FRELIGHSBURG,13.0,25.7,1.2,,119.0,4.2,2025,May
GRANBY,13.7,29.4,0.1,,106.2,11.5,2025,May
NANTES,10.8,27.3,0.2,,152.9,0.8,2025,May
LAPRAIRIE,,29.7,-0.1,,104.7,,2025,May
LENNOXVILLE,12.2,27.7,-2.2,,127.8,4.0,2025,May
MARIEVILLE,,29.9,1.1,0.0,65.0,,2025,May
MCTAVISH,14.4,28.9,3.0,,98.6,18.5,2025,May
MONTREAL INTL A,14.2,29.3,1.4,0.0,118.2,11.9,2025,May
NICOLET,13.1,26.7,0.4,,90.6,4.1,2025,May
PIERREVILLE,,28.6,-1.0,0.0,74.1,,2025,May
RICHMOND,,22.7,-2.3,0.0,14.4,,2025,May
RIVIERE DES PRAIRIES,,28.5,2.0,0.0,53.2,,2025,May
ST ANICET,,28.0,-1.0,0.0,107.8,,2025,May
SAINT-CAMILLE-DE-LELLIS,10.4,27.2,-4.8,,142.8,1.1,2025,May
STE-CLOTILDE,13.4,28.4,-1.6,,106.7,5.3,2025,May
ST COME DE LINIERE,,29.0,-4.0,0.0,131.4,,2025,May
MONTREAL/ST-HUBERT,14.0,29.8,-0.1,,90.1,13.3,2025,May
ST JEAN,14.0,29.0,1.6,,,8.4,2025,May
SAINT-GERMAIN-DE-GRANTHAM,12.7,29.1,-2.2,,120.3,7.7,2025,May
ST MALO D AUCKLAND,,25.1,-2.5,0.0,142.7,,2025,May
STE MARTINE,,22.5,1.5,,,,2025,May
ST SEVERIN,,27.6,-3.5,,,,2025,May
SHERBROOKE,12.0,28.0,-2.7,,146.1,4.3,2025,May
SOREL,,28.1,1.4,,,,2025,May
THETFORD MINES RCS,11.2,26.8,-4.4,,132.2,1.9,2025,May
VERCHERES,,,,0.0,105.1,,2025,May
BEAUCEVILLE,11.5,28.2,-2.6,,79.2,2.2,2025,May
LAC MEMPHREMAGOG,12.9,27.1,-0.1,,,3.5,2025,May
STE-ANNE-DE-BELLEVUE 1,13.8,27.8,-0.1,,68.2,8.5,2025,May
ST-ANICET 1,13.8,29.0,-2.2,,94.2,8.7,2025,May
ST CAMILLE WOLFE,,22.0,-4.4,,,,2025,May
L'ACADIE,13.2,28.6,3.7,,,6.4,2025,May
MONTREAL/PIERRE ELLIOTT TRUDEAU INTL,14.3,29.1,3.2,,90.7,15.1,2025,May
CHELSEA,,27.6,-1.9,0.0,58.8,,2025,May
CHENEVILLE,,27.7,-2.3,0.0,34.8,,2025,May
OTTAWA GATINEAU A,13.3,28.6,-1.5,,,2.9,2025,May
LACHUTE,,28.0,-1.2,0.0,97.9,,2025,May
MANIWAKI AIRPORT,12.1,28.3,-4.1,,60.4,1.0,2025,May
MONTREAL MIRABEL INTL A,13.1,27.4,-0.8,,,5.4,2025,May
NOTRE DAME DE LA PAIX,,,,0.0,65.0,,2025,May
ST HIPPOLYTE,,27.1,-2.9,0.0,67.0,,2025,May
BAIE-COMEAU A,8.1,24.7,-3.6,,138.1,0.0,2025,May
BAIE-COMEAU,8.1,24.6,-3.8,,132.9,0.0,2025,May
LOURDES DE BLANC SABLON A,3.9,17.4,-4.8,2.2,49.0,0.0,2025,May
LOURDES DE BLANC SABLON A,3.9,17.4,-4.8,,,0.0,2025,May
CAPE WHITTLE,4.2,11.6,-1.8,,,0.0,2025,May
CAP-ROUGE,11.3,30.3,-1.3,,,1.1,2025,May
CHARLEVOIX (MRC),7.6,24.8,-8.0,,147.8,0.0,2025,May
CHEVERY,5.0,25.8,-4.1,,60.6,1.3,2025,May
CAP-TOURMENTE,11.4,28.9,-1.3,,90.2,0.6,2025,May
FORET MONTMORENCY RCS,7.1,24.0,-10.0,,62.1,0.0,2025,May
GRANDES-BERGERONNES,8.6,26.1,-5.3,,146.4,0.0,2025,May
HAVRE ST. PIERRE,6.6,21.9,-3.9,,62.2,0.0,2025,May
ILE AUX PERROQUETS,5.4,13.8,-0.3,,,0.0,2025,May
ILE ROUGE,7.8,16.8,0.6,,42.6,0.0,2025,May
LONGUE-POINTE-DE-MINGAN,5.9,21.0,-4.1,,82.5,0.0,2025,May
MONT-TREMBLANT,11.9,27.7,-3.7,,73.4,2.6,2025,May
NATASHQUAN A,6.0,22.0,-4.5,,58.6,0.0,2025,May
NATASHQUAN AIRPORT,6.0,22.0,-5.4,,62.3,0.0,2025,May
POINTE DE L'ISLET,9.9,25.2,1.4,,,0.0,2025,May
POINTE CLAVEAU,10.3,28.2,-0.7,,,0.6,2025,May
SEPT-ILES A,7.2,27.5,-4.3,,,0.0,2025,May
SEPT-ILES,7.1,27.5,-2.9,,95.7,0.4,2025,May
LAC EON,5.0,23.7,-10.9,,60.6,0.0,2025,May
POINTE-DES-MONTS,7.3,18.3,0.4,,119.1,0.0,2025,May
RIVIERE AU TONNERRE,,22.0,-3.0,0.0,114.2,,2025,May
POINTE NOIRE CS,8.9,26.6,0.2,,73.4,2.3,2025,May
BAIE-COMEAU,9.2,27.5,-1.3,,145.1,3.6,2025,May
CAP-D'ESPOIR,7.2,21.0,-2.3,,,0.0,2025,May
CAP-MADELEINE,8.3,22.4,0.0,,83.6,0.0,2025,May
CAUSAPSCAL AIRPORT,8.7,30.7,-4.5,,142.4,0.3,2025,May
GASPE A,8.7,28.9,-3.0,0.0,90.2,1.3,2025,May
GASPE A,8.7,28.9,-3.0,,,1.3,2025,May
GASPE AIRPORT,8.5,29.0,-3.2,,88.4,1.2,2025,May
ILES DE LA MADELEINE A,7.5,24.4,-0.8,,,0.4,2025,May
LAC HUMQUI,,29.8,-3.2,,,,2025,May
ILES DE LA MADELEINE,7.6,24.0,-0.2,,48.2,0.2,2025,May
LA POCATIERE,10.8,28.6,-2.6,,69.0,1.3,2025,May
MONT JOLI A,9.2,28.6,-1.2,0.0,97.7,5.8,2025,May
MONT-JOLI,9.4,29.1,-2.4,,92.5,3.1,2025,May
NEW CARLISLE 1,8.9,27.4,-1.5,,102.9,0.3,2025,May
NEW RICHMOND EAST,9.5,29.5,-1.8,,115.3,0.4,2025,May
POINTE-AU-PERE (INRS),8.7,23.0,-2.1,,111.0,0.0,2025,May
PORT-MENIER,7.4,23.0,-3.8,,68.1,0.0,2025,May
RIVIERE-DU-LOUP,9.6,25.7,-1.4,,88.6,0.6,2025,May
ST CAMILLE,,27.6,-5.2,0.0,98.0,,2025,May
ST JEAN DE CHERBOURG,,27.5,-4.0,2.0,17.4,,2025,May
STE LUCIE,,28.0,-7.0,0.0,77.8,,2025,May
SAINT MICHEL,,28.9,-3.3,0.0,144.7,,2025,May
ILE BICQUETTE,8.0,18.5,1.2,,,0.0,2025,May
CAP-CHAT,7.4,22.7,-0.2,,115.2,0.0,2025,May
BAGOTVILLE AIRPORT,10.2,31.5,-4.2,,73.4,1.5,2025,May
BAGOTVILLE A,10.3,31.3,-3.9,0.0,83.1,1.5,2025,May
BONNARD 1,6.2,26.2,-8.0,,,0.0,2025,May
CHAMOUCHOUANE,8.7,30.8,-5.2,,,0.9,2025,May
CHUTE-DES-PASSES,,,,,54.8,,2025,May
JONQUIERE,10.9,31.1,-2.6,,98.8,2.2,2025,May
LATERRIERE,9.6,31.2,-4.9,,,1.0,2025,May
MISTOOK,9.9,27.1,-3.3,,80.6,1.6,2025,May
NORMANDIN,10.2,31.3,-3.3,,89.5,2.6,2025,May
ONATCHIWAY,9.2,29.1,-7.0,,76.6,0.9,2025,May
ROBERVAL A,10.5,31.4,-3.0,0.0,166.1,7.3,2025,May
ROBERVAL A,10.4,31.4,-3.0,,,7.3,2025,May
ST AMBROISE,,31.4,-4.4,0.0,101.2,,2025,May
CHICOUTIMI ST-HONORE A,10.1,31.6,-6.6,,,1.3,2025,May
LAC BENOIT,5.1,26.0,-10.8,,73.7,0.0,2025,May
MANOUANE EST,6.4,24.2,-9.0,,,0.0,2025,May
LA BAIE,10.1,28.1,-5.1,,53.6,0.0,2025,May
PARENT,10.1,28.8,-7.1,,41.2,5.7,2025,May
ST MICHEL DES SAINTS,,27.4,-4.8,0.0,47.2,,2025,May
SAINT-MICHEL-DES-SAINTS,10.5,27.3,-5.2,,95.2,0.4,2025,May
LA TUQUE,11.6,30.2,-4.9,,114.6,7.4,2025,May
BARRAGE TEMISCAMINGUE,10.3,28.2,-2.4,,48.2,0.0,2025,May
ROUYN,10.3,29.5,-3.9,,24.8,6.9,2025,May
ROUYN-NORANDA A,9.4,29.8,-5.5,,,6.4,2025,May
CHAPAIS,8.9,30.7,-9.7,,46.6,3.5,2025,May
CHIBOUGAMAU CHAPAIS A,8.7,28.6,-8.6,,73.7,0.0,2025,May
CHIBOUGAMAU-CHAPAIS,8.3,28.4,-9.7,,68.5,0.0,2025,May
EASTMAIN RIVER A,6.0,27.4,-7.9,,,0.0,2025,May
LA GRANDE 4 A,5.8,24.7,-9.4,,11.7,0.0,2025,May
LA GRANDE RIVIERE A,5.9,26.1,-9.4,0.4,11.5,0.0,2025,May
LA GRANDE IV,6.3,24.8,-9.2,,13.2,0.0,2025,May
MATAGAMI A,7.2,28.8,-8.7,,46.0,0.7,2025,May
MATAGAMI,8.0,29.3,-8.1,,43.6,5.5,2025,May
VAL-D'OR,9.7,29.0,-5.5,,32.6,2.7,2025,May
VAL D'OR A,9.7,29.1,-5.1,,39.7,2.8,2025,May
WASKAGANISH A,7.9,31.1,-7.5,,,3.8,2025,May
WEMINDJI A,5.2,25.1,-8.8,,,0.0,2025,May
AKULIVIK A,-4.7,5.0,-15.2,,,0.0,2025,May
INUKJUAK A,-2.9,10.9,-21.6,,6.0,0.0,2025,May
IVUJIVIK A,-4.7,5.0,-13.5,,,0.0,2025,May
KUUJJUARAPIK A,2.1,19.5,-11.4,,11.2,0.0,2025,May
KUUJJUARAPIK,2.2,19.3,-10.6,,18.3,0.0,2025,May
PUVIRNITUQ A,-4.9,6.0,-17.2,,24.4,0.0,2025,May
UMIUJAQ A,0.6,13.7,-12.7,,,0.0,2025,May
INUKJUAK,-4.0,7.5,-22.1,,9.2,0.0,2025,May
AUPALUK A,-3.2,8.1,-15.5,,,0.0,2025,May
KANGIQSUJUAQ A,-4.9,9.1,-16.7,,,0.0,2025,May
KANGIRSUK A,-4.9,5.0,-16.8,,,0.0,2025,May
KANGIQSUALUJJUAQ A,-1.6,8.5,-11.9,,,0.0,2025,May
KUUJJUAQ A,-0.5,15.1,-13.6,11.0,37.4,0.0,2025,May
PARC NATIONAL DES PINGUALUIT,-8.0,1.6,-19.9,,30.7,0.0,2025,May
QUAQTAQ A,-4.4,8.3,-17.6,,,0.0,2025,May
RIVIERE AUX FEUILLES,-1.7,12.7,-14.0,,15.3,0.0,2025,May
SALLUIT,-5.8,6.9,-15.2,,,0.0,2025,May
SALLUIT A,-6.1,6.9,-15.2,,,0.0,2025,May
SCHEFFERVILLE A,2.4,20.4,-13.0,,32.5,0.0,2025,May
SCHEFFERVILLE COTE-NORD,-0.2,16.6,-13.7,,18.4,0.0,2025,May
TASIUJAQ A,-2.3,10.2,-13.6,,,0.0,2025,May
AROOSTOOK,11.5,31.0,-2.5,0.0,107.6,2.3,2025,May
BAS CARAQUET,9.4,28.3,-0.7,,98.4,2.3,2025,May
BAS CARAQUET,,,,0.0,108.2,,2025,May
BATHURST A,10.1,32.3,-2.5,,121.2,5.4,2025,May
CHARLO AUTO,10.0,32.3,-2.4,,101.4,3.9,2025,May
MIRAMICHI RCS,10.7,32.6,-1.7,,96.1,5.9,2025,May
DOAKTOWN AUTO RCS,10.5,30.2,-2.5,,136.5,2.2,2025,May
EDMUNDSTON,9.7,31.3,-4.7,,77.0,0.9,2025,May
FREDERICTON INTL A,11.4,29.8,-1.1,,101.4,2.5,2025,May
FREDERICTON CDA CS,11.4,28.9,-0.3,,65.6,1.1,2025,May
FUNDY PARK (ALMA) CS,9.7,24.1,-0.6,,106.1,0.0,2025,May
GRAND MANAN SAR CS,10.0,27.3,1.1,,105.2,0.0,2025,May
KOUCHIBOUGUAC,9.9,32.2,-3.7,,97.2,3.0,2025,May
MACTAQUAC PROV PARK,12.9,28.5,2.0,0.0,66.4,3.3,2025,May
MECHANIC SETTLEMENT,9.8,26.7,-2.1,,67.6,3.6,2025,May
MISCOU ISLAND (AUT),8.2,28.5,-1.4,,82.8,1.9,2025,May
MONCTON/GREATER MONCTON ROMEO LEBLANC INTL A,10.6,29.6,-3.5,0.0,88.2,4.7,2025,May
MONCTON / GREATER MONCTON ROMEO LEBLANC INTL A,10.6,29.6,-3.5,,,4.7,2025,May
OAK POINT,11.5,28.5,0.0,0.0,99.0,0.5,2025,May
POINT LEPREAU CS,8.8,20.8,0.7,,92.1,0.0,2025,May
RED PINES,9.1,30.6,-2.6,,110.0,2.1,2025,May
SAINT JOHN A,9.9,26.2,-2.6,0.0,117.1,0.0,2025,May
GARNETT SETTLEMENT,9.9,26.4,-0.9,,104.2,0.0,2025,May
ST. STEPHEN,11.2,28.9,-1.4,,112.8,0.0,2025,May
SUSSEX FOUR CORNERS,11.3,28.2,-0.4,,74.8,0.4,2025,May
WOODSTOCK NEWBRIDGE,11.1,28.0,-1.0,,81.7,2.9,2025,May
BACCARO PT,9.2,16.4,3.2,,79.7,0.0,2025,May
BEAVER ISLAND (AUT),7.5,15.1,1.9,,,0.0,2025,May
BEDFORD BASIN,10.8,25.4,1.7,,,0.0,2025,May
BEDFORD RANGE,11.3,28.5,-1.5,,89.8,0.0,2025,May
BRIER ISLAND,9.4,19.0,3.0,,56.0,0.0,2025,May
CARIBOU POINT (AUT),10.2,27.6,0.9,,85.0,2.4,2025,May
CHETICAMP HIGHLANDS NATIONAL PARK,9.6,23.7,-2.6,,65.4,0.4,2025,May
COLLEGEVILLE AUTO,10.0,29.0,-3.9,,59.5,4.0,2025,May
DEBERT,10.5,26.3,-3.0,,88.2,0.0,2025,May
ESKASONI FIRST NATION AUTOMATIC WEATHER STATION,9.2,28.2,-1.0,,60.0,1.9,2025,May
GRAND ETANG,9.7,24.0,-1.2,,,1.2,2025,May
GREENWOOD A,12.4,28.1,-0.1,0.0,101.2,1.4,2025,May
HALIFAX DOCKYARD,10.9,27.4,3.4,,,3.2,2025,May
HALIFAX STANFIELD INT'L A,11.1,28.2,0.3,,,4.4,2025,May
HALIFAX STANFIELD INT'L A,11.1,28.2,0.3,0.0,82.1,4.4,2025,May
HALIFAX KOOTENAY,10.3,26.9,2.5,,112.0,2.1,2025,May
HALIFAX WINDSOR PARK,11.2,27.2,2.1,,105.8,3.8,2025,May
HART ISLAND (AUT),8.4,25.2,0.0,,,0.0,2025,May
INGONISH BEACH RCS,8.1,27.5,-2.7,,97.3,1.4,2025,May
KEJIMKUJIK 1,12.3,28.3,-0.4,,74.1,2.3,2025,May
KENTVILLE CDA CS,11.8,27.1,0.3,,88.7,3.2,2025,May
LAKE MAJOR,,,,0.0,89.4,,2025,May
LOUISBOURG,7.3,27.8,-2.2,,37.3,1.2,2025,May
LUNENBURG,10.6,25.8,3.6,,,0.3,2025,May
MALAY FALLS,10.0,31.4,-4.1,,92.8,0.3,2025,May
MCNABS ISLAND (AUT),10.2,25.8,2.2,,,0.0,2025,May
NAPPAN AUTO,10.2,25.1,-2.3,,106.1,0.0,2025,May
AALDERSVILLE,11.5,26.7,2.8,,68.6,2.7,2025,May
NORTHEAST MARGAREE (AUT),9.4,26.9,-3.4,,66.1,0.0,2025,May
NORTH MOUNTAIN CS,7.7,23.6,-3.2,,78.1,0.0,2025,May
OSBORNE HEAD DND,8.6,20.6,2.5,,,0.0,2025,May
UPPER STEWIACKE RCS,10.7,28.5,-3.4,,73.1,0.0,2025,May
PARRSBORO,10.2,23.0,-3.0,,122.1,0.0,2025,May
POCKWOCK LAKE,10.7,29.0,-1.0,0.0,75.8,2.0,2025,May
PORT HAWKESBURY,9.2,27.6,-2.9,,82.8,5.5,2025,May
SABLE ISLAND A,7.8,14.3,1.6,,40.9,0.0,2025,May
SABLE ISLAND,8.3,14.3,1.2,,44.5,0.0,2025,May
ST PAUL ISLAND (AUT),5.7,17.1,0.1,,,0.0,2025,May
SHEARWATER RCS,10.9,27.3,2.4,,103.5,2.6,2025,May
SHEARWATER JETTY,10.4,26.1,2.4,,105.8,0.0,2025,May
SHELBURNE SANDY POINT,11.4,26.3,-1.8,,90.9,0.0,2025,May
SYDNEY A,8.9,28.8,-3.2,0.0,67.3,2.1,2025,May
SYDNEY CS,8.7,28.9,-3.2,,68.0,2.1,2025,May
SYDNEY A,8.7,28.8,-3.2,,,2.1,2025,May
TRACADIE,9.2,26.3,-1.3,,28.2,1.8,2025,May
WESTERN HEAD,9.5,25.6,-0.1,,99.9,0.0,2025,May
YARMOUTH RCS,10.8,21.1,1.0,,77.8,0.0,2025,May
YARMOUTH A,10.9,22.2,0.4,0.0,83.8,0.0,2025,May
YARMOUTH A,10.9,22.2,0.4,,,0.0,2025,May
CHARLOTTETOWN A,10.2,26.7,-2.7,0.0,99.1,3.3,2025,May
EAST POINT (AUT),7.5,23.6,-0.4,,77.6,0.0,2025,May
NORTH CAPE,8.2,23.1,1.0,,71.3,0.3,2025,May
ST. PETERS,9.5,27.2,-0.6,,95.5,1.4,2025,May
STANHOPE,9.6,28.3,-1.6,,92.9,2.8,2025,May
SUMMERSIDE,10.0,28.2,-1.3,,89.3,1.0,2025,May
MAPLE PLAINS,10.0,28.0,-3.5,,,0.6,2025,May
HARRINGTON CDA CS,9.9,26.7,-0.7,,88.6,3.4,2025,May
ARGENTIA (AUT),5.9,17.5,-1.6,,57.4,0.0,2025,May
BADGER (AUT),7.3,26.0,-6.9,,23.0,0.0,2025,May
ST ALBAN'S,7.0,27.3,-2.2,,32.9,0.0,2025,May
BERRY HILL,6.3,20.7,-3.1,,94.6,0.0,2025,May
BONAVISTA,5.5,21.2,-1.4,,32.3,0.0,2025,May
BURGEO NL,6.3,17.8,-2.6,,23.9,0.0,2025,May
BURNT POND,7.5,26.0,-5.0,0.0,44.0,0.0,2025,May
CAPE RACE (AUT),4.9,16.0,-4.6,,73.3,0.0,2025,May
CORMACK RCS,6.8,24.7,-3.4,,35.8,0.0,2025,May
CORNER BROOK,7.6,23.8,-3.0,,,0.0,2025,May
CORNER BROOK,8.4,24.0,-2.5,17.0,56.6,0.0,2025,May
DANIEL'S HARBOUR,5.8,19.4,-2.3,,119.6,0.0,2025,May
DEER LAKE A,7.4,25.6,-5.8,0.0,31.9,0.0,2025,May
ENGLEE (AUT),4.2,15.1,-2.8,,71.0,0.0,2025,May
FEROLLE POINT (AUT),3.8,12.2,-2.6,,96.7,0.0,2025,May
GANDER INTL A,7.0,24.8,-3.3,8.9,32.3,0.0,2025,May
GANDER AIRPORT CS,7.0,23.9,-3.4,,30.2,0.0,2025,May
LA SCIE,4.4,23.7,-4.6,,11.3,0.0,2025,May
LETHBRIDGE,7.8,24.0,-5.0,0.0,17.0,0.0,2025,May
MILLERTOWN RCS,7.9,24.7,-3.2,,27.9,0.0,2025,May
PORT AUX BASQUES,6.3,15.9,-1.1,,33.3,0.0,2025,May
SAGONA ISLAND,5.9,13.5,0.5,,,0.0,2025,May
ST. ANTHONY A,3.9,16.9,-4.7,,96.5,0.0,2025,May
ST ANTHONY,4.8,16.8,-3.3,,8.5,0.0,2025,May
ST. JOHN'S INTL A,6.0,23.2,-3.7,2.3,52.0,0.0,2025,May
ST JOHNS WEST CLIMATE,6.7,23.8,-3.4,,37.4,0.0,2025,May
ST LAWRENCE,6.9,21.9,-3.3,,79.5,0.0,2025,May
STEPHENVILLE A,7.9,23.2,-2.8,5.0,57.5,0.0,2025,May
STEPHENVILLE RCS,7.7,23.4,-3.1,,52.8,0.0,2025,May
TERRA NOVA NAT PARK CS,6.6,23.1,-2.5,,34.8,0.0,2025,May
TWILLINGATE (AUT),4.7,23.5,-3.1,,31.6,0.0,2025,May
WINTERLAND BRANCH HILL,7.4,21.9,-2.3,,51.2,0.0,2025,May
WRECKHOUSE,7.8,22.0,-2.3,,37.2,0.0,2025,May
GRATES COVE,5.3,19.4,-0.7,,,0.0,2025,May
POOLS ISLAND,4.8,21.4,-2.2,,,0.0,2025,May
MARTICOT ISLAND,5.9,18.3,-1.0,,,0.0,2025,May
CARTWRIGHT A,3.1,19.6,-6.3,,74.3,0.0,2025,May
CHURCHILL FALLS A,2.7,21.0,-10.0,,33.5,0.0,2025,May
GOOSE BAY A,5.1,23.3,-7.5,43.6,77.2,0.0,2025,May
HAPPY VALLEY GOOSE BAY,5.7,23.2,-6.0,,72.3,0.0,2025,May
HOPEDALE (AUT),1.3,16.7,-6.7,,55.5,0.0,2025,May
MAKKOVIK A,1.0,16.1,-7.9,,,0.0,2025,May
MARY'S HARBOUR A,3.6,20.6,-7.9,,91.8,0.0,2025,May
NAIN,1.3,14.1,-7.2,,,0.0,2025,May
NAIN A,1.1,14.8,-7.4,,,0.0,2025,May
WABUSH A,5.0,25.0,-10.7,,80.4,0.0,2025,May
